{"cameraMode":{"drawMode":0,"name":"Shaded","section":"Shading Mode"},"sceneLighting":false,"audioPlay":false,"sceneViewState":{"showFog":true,"showMaterialUpdate":false,"showSkybox":false,"showFlares":true,"showImageEffects":true,"showParticleSystems":true},"in2DMode":false,"pivot":{"x":3.686494827270508,"y":4.438580513000488,"z":-78.0624771118164},"rotation":{"x":-0.2640922963619232,"y":0.01793520338833332,"z":-0.004912436008453369,"w":-0.9643213748931885},"size":17.425701141357423,"orthographic":false}