{"cameraMode":{"drawMode":0,"name":"Shaded","section":"Shading Mode"},"sceneLighting":false,"audioPlay":false,"sceneViewState":{"showFog":true,"showMaterialUpdate":false,"showSkybox":false,"showFlares":true,"showImageEffects":true,"showParticleSystems":true},"in2DMode":false,"pivot":{"x":-6.826822280883789,"y":3.4538745880126955,"z":-3.8648734092712404},"rotation":{"x":-0.4844999313354492,"y":0.007083222735673189,"z":-0.003923159558326006,"w":-0.8747539520263672},"size":30.331533432006837,"orthographic":false}