{"cameraMode":{"drawMode":0,"name":"Shaded","section":"Shading Mode"},"sceneLighting":false,"audioPlay":false,"sceneViewState":{"showFog":true,"showMaterialUpdate":false,"showSkybox":false,"showFlares":true,"showImageEffects":true,"showParticleSystems":true},"in2DMode":false,"pivot":{"x":-79.05885314941406,"y":-10.040084838867188,"z":81.19508361816406},"rotation":{"x":-0.4884406626224518,"y":-0.004714692942798138,"z":0.002639025915414095,"w":-0.8725813627243042},"size":50.298831939697269,"orthographic":false}