{"cameraMode":{"drawMode":0,"name":"Shaded","section":"Shading Mode"},"sceneLighting":false,"audioPlay":false,"sceneViewState":{"showFog":true,"showMaterialUpdate":false,"showSkybox":false,"showFlares":true,"showImageEffects":true,"showParticleSystems":true},"in2DMode":false,"pivot":{"x":-18.555156707763673,"y":3.3954615592956545,"z":-14.852062225341797},"rotation":{"x":-0.32432466745376589,"y":-0.007948796264827252,"z":0.0027254046872258188,"w":-0.9459101557731628},"size":11.745485305786133,"orthographic":false}