{"cameraMode":{"drawMode":0,"name":"Shaded","section":"Shading Mode"},"sceneLighting":true,"audioPlay":false,"sceneViewState":{"showFog":true,"showMaterialUpdate":false,"showSkybox":true,"showFlares":true,"showImageEffects":true,"showParticleSystems":true},"in2DMode":false,"pivot":{"x":3.1801280975341799,"y":6.367832183837891,"z":-11.858623504638672},"rotation":{"x":-0.32859063148498537,"y":-0.0008532127249054611,"z":0.00029883853858336806,"w":-0.9444776773452759},"size":24.95399284362793,"orthographic":false}