{"cameraMode":{"drawMode":0,"name":"Shaded","section":"Shading Mode"},"sceneLighting":false,"audioPlay":false,"sceneViewState":{"showFog":true,"showMaterialUpdate":false,"showSkybox":false,"showFlares":true,"showImageEffects":true,"showParticleSystems":true},"in2DMode":false,"pivot":{"x":-3.8371822834014894,"y":6.346776962280273,"z":-1.671309471130371},"rotation":{"x":-0.6098036170005798,"y":-0.0007151197060011327,"z":0.0005531801143661141,"w":-0.7925581932067871},"size":16.146162033081056,"orthographic":false}