{"cameraMode":{"drawMode":0,"name":"Shaded","section":"Shading Mode"},"sceneLighting":true,"audioPlay":false,"sceneViewState":{"showFog":true,"showMaterialUpdate":false,"showSkybox":true,"showFlares":true,"showImageEffects":true,"showParticleSystems":true},"in2DMode":false,"pivot":{"x":0.7583475112915039,"y":2.934687614440918,"z":-2.142343521118164},"rotation":{"x":-0.17633561789989472,"y":0.022732120007276536,"z":-0.0040732393972575668,"w":-0.9840633869171143},"size":14.134639739990235,"orthographic":false}