{"cameraMode":{"drawMode":0,"name":"Shaded","section":"Shading Mode"},"sceneLighting":false,"audioPlay":false,"sceneViewState":{"showFog":true,"showMaterialUpdate":false,"showSkybox":false,"showFlares":true,"showImageEffects":true,"showParticleSystems":true},"in2DMode":false,"pivot":{"x":-18.791349411010743,"y":4.6537766456604,"z":-18.253950119018556},"rotation":{"x":-0.142323836684227,"y":-0.003863972844555974,"z":0.000558866246137768,"w":-0.989817202091217},"size":2.4662976264953615,"orthographic":false}