{"cameraMode":{"drawMode":0,"name":"Shaded","section":"Shading Mode"},"sceneLighting":false,"audioPlay":false,"sceneViewState":{"showFog":true,"showMaterialUpdate":false,"showSkybox":false,"showFlares":true,"showImageEffects":true,"showParticleSystems":true},"in2DMode":false,"pivot":{"x":-15.170000076293946,"y":2.5749998092651369,"z":2.4100003242492677},"rotation":{"x":0.22454623878002168,"y":0.013741216622292996,"z":-0.0031667633447796108,"w":0.9743623733520508},"size":11.479691505432129,"orthographic":false}