{"cameraMode":{"drawMode":0,"name":"Shaded","section":"Shading Mode"},"sceneLighting":false,"audioPlay":false,"sceneViewState":{"showFog":true,"showMaterialUpdate":false,"showSkybox":false,"showFlares":true,"showImageEffects":true,"showParticleSystems":true},"in2DMode":false,"pivot":{"x":-2.7849836349487306,"y":7.519820213317871,"z":-6.945611000061035},"rotation":{"x":-0.31437259912490847,"y":0.009110509417951107,"z":-0.003013501176610589,"w":-0.9492557048797607},"size":5.743569850921631,"orthographic":false}